FIRE_NAME,acres_geom,sev1_acres,sev2_acres,sev3_acres,sev4_acres,sev5_acres,sev6_acres,burned_acres
AUGUST COMPLEX,1032700.2264732296,146720.9947734863,309439.96260122914,287858.32221572613,292474.5719785287,710.9963140954748,49.37165521713963,1036493.8515689702
SCU LIGHTNING COMPLEX,396822.7446174342,32512.124539859728,196304.1474866237,143201.37398309688,26192.775066909177,64.71689940625059,171.24402935674556,398210.4210764895
CREEK,379845.6818303523,39097.23585057822,164000.40691495524,115603.73069093244,60624.389499467696,81.39651265528425,1092.8482600766854,379325.7629559336
NORTH COMPLEX,318798.7328979129,0.0,0.0,0.0,0.0,0.0,0.0,0.0
HENNESSEY,305349.3491497872,97435.62875555502,98228.02158230578,73658.72887163587,33392.808119408706,4097.847383022589,446.5688453874612,302715.1873289054
CASTLE,170648.45323321936,25283.62494741518,67605.5860261399,56902.167006813346,22384.263375046492,12.454111225945132,7.33902982957481,172175.64135541493
SLATER,157429.77784988238,14629.132793619121,34964.47247715432,26269.05649816809,81593.55448646618,17.124402935674556,285.3325839801358,157456.2162554077
RED SALMON COMPLEX,143836.684228684,13329.234934411099,58896.826356554455,44441.82872525524,28925.11811194421,0.4447896866408976,0.0,145593.008128165
DOLAN,124529.6166875796,11630.58312112951,28397.597543588105,41374.33665133629,42381.562896734606,159.67949750408224,0.0,123784.08021278851
BOBCAT,115997.76129211928,16980.068682359586,47928.97986851988,38723.390118956544,12180.34317381766,33.581621341387766,2.891132963165834,115812.78184365366
CZU LIGHTNING COMPLEX,86554.09836595097,7744.233234104668,26557.28021511139,22387.15450800966,28880.86153812344,157.90033875751863,48.03728615721694,85569.52949534915
W-5 COLD SPRINGS,84817.14757489672,16282.860848549979,51175.72218615511,13499.811779237882,2048.478901824654,17.346797778995004,684.5313277403413,83006.87371576762
CALDWELL,81224.01518848204,3947.063679251325,63171.92242970344,10126.971585439956,4105.631202538805,0.2223948433204488,0.0,81351.58889693352
GLASS,67484.36509800276,9649.045067144312,21203.124362171588,21056.34376558009,15305.435512156606,762.5919177458189,155.4539954809937,67213.9487070526
ZOGG,56338.01310574987,1382.62874092323,32430.283237517804,15923.470781744134,6764.13915959145,27.13217088509475,79.83974875204112,56500.52191977662
WALBRIDGE,55209.065319168105,11613.236323350515,19067.466681765316,13664.383963295015,9090.834010409984,1723.3376408901577,0.0,53435.92097882083
RIVER,50214.17199939722,17858.973103162,13348.583285779978,13922.584376390056,4974.305460548478,707.8827862889885,0.0,50104.44622588051
LOYALTON,46721.06157805073,1569.885198999048,22847.956623369628,15735.102349451712,5194.6987502790425,1.5567639032431415,2.891132963165834,45347.64292209943
DOME,44211.33519614121,2710.103560702989,40725.833288213864,0.0,0.0,0.0,0.0,43435.936848916856
APPLE,33235.78804071304,1008.5606144582352,9865.212854851789,14188.123819314671,7414.644076303763,3.5583174931271806,0.0,32476.541364928456
LAKE,30999.40386988585,1961.9673077729992,8823.293013895485,13020.328497038994,7035.905658129038,0.2223948433204488,2.223948433204488,30841.494476836517
MINERAL,29666.78123216754,1756.252077701584,9716.208309827087,12433.20611067301,5982.4212853200725,6.227055612972566,0.0,29888.087783521754
SHEEP,29541.33662494793,4240.847267277638,7198.921078282927,7267.863479712267,10457.450322614142,10.230162792740645,0.0,29165.082147886973
SLINK,26751.555321491956,6392.51737640298,13579.873922833243,4859.104931708485,1376.8464749968985,27.57696057173565,0.0,26208.342705941606
GOLD,22652.70356585621,6011.11022010841,7016.112517073519,5474.9162528628085,3133.0985526984823,2.223948433204488,0.0,21635.23754274322
EL DORADO,22503.71199310342,1636.3812571518622,7068.597700097144,9061.700285935007,4718.551390729962,19.793141055519943,0.0,22485.230633913976
MOUNTAIN VIEW,20374.94028011024,3974.4182449797404,6330.469215116575,2799.72868256113,1312.1295755906478,0.6671845299613464,0.0,14416.745718248092
VALLEY,16389.545462744172,1521.847912841831,6942.277429091129,5284.991056667145,2599.128533886085,52.92997271026681,16.45721840571321,16348.24493248619
BLUE RIDGE,13694.544963475157,497.052474821203,12683.845099095155,675.1907443208826,50.706024277062326,1.111974216602244,0.0,13906.794342514304
SILVERADO,12469.257428761735,1175.3567469485718,7247.625548970105,3936.611121615264,124.76350710277177,4.447896866408976,93.62822903790894,12484.356924636713
BACCARAT,10456.443748143964,312.2423600219101,9341.25060398881,500.3883974710098,0.0,0.8895793732817951,0.0,10153.88136148173
HOG,9566.396495083569,818.4130234192515,3419.09832120858,3697.314270202461,1760.0327900380316,30.245698691581033,22.684274018685777,9694.858404868324
NADEAU,9150.367731859347,652.5064703021967,5990.427499679608,2268.205007025257,0.0,0.0,0.0,8911.138977007062
DEVIL,8871.924151093694,1130.877778284482,3701.094982538909,3087.9523995044315,1124.87311751483,0.0,0.0,9044.798277842652
RATTLESNAKE,8422.89409156587,2760.36479529341,4975.639829608401,1017.9011978776941,117.20208242987651,0.6671845299613464,0.0,8871.107905209381
STAGECOACH,7750.5997466418075,118.75884633311965,2891.8001476957957,3550.9784632976057,1187.1436736445555,0.0,0.0,7748.6811309710765
CARMEL,6997.032923897781,1224.950797009032,2484.150399889413,2657.1735879927223,738.5732746672104,7.561424672895258,0.0,7104.848059558378
BLUEJAY,6922.008432902284,0.0,0.0,0.0,0.0,0.0,0.0,0.0
NORTH,6882.078809045055,501.9451613742529,5460.460588046979,829.0879758986331,18.90356168223815,0.4447896866408976,0.0,6810.397287002103
BOND,6681.120094642469,366.28430694877915,3814.738747475658,2562.2109898948906,149.8941243979825,1.7791587465635903,0.0,6893.1281687173105
SNOW,6253.470175841701,808.4052554698313,4898.468818976205,726.5639531279062,41.365440857603474,0.0,0.0,6474.803468431546
CREWS,5513.15236751938,491.9373934248327,4543.97143872341,631.8237498733951,24.241037921928918,3.113527806486283,11.564531852663336,5691.9736199435665
GRANT,5062.21623511965,136.32803895543512,5056.8139474203645,0.0,0.0,0.2223948433204488,4.225502023088527,5193.141986375799
WOODWARD,4901.71481568476,1808.2924710385691,1552.538401220053,1168.462506805638,441.2313691477704,3.113527806486283,0.0,4970.52474821203
RANCH2,4119.1503620610765,102.079233084086,745.2451199668238,2992.322616876638,634.7148828365608,0.0,0.0,4474.361852764109
BEACH,3668.4428714949427,19.793141055519943,3574.552316689573,0.0,0.0,0.0,7.116634986254361,3594.3454577450934
CREEK 5,3052.164420171926,152.3404676745074,2000.6640105107572,1150.0037348100407,33.13683165474687,0.4447896866408976,21.127510115442636,3336.145044650052
BRANCH,2922.2065437565657,145.0014378449326,3008.7798352823515,0.0,0.0,0.4447896866408976,0.0,3153.7812731272843
BENA,2884.399320738059,101.6344433974451,2787.941755865146,0.0,0.0,2.891132963165834,0.0,2889.576199262591
MOC,2857.6473284635535,88.51314764153862,1535.191603441058,1289.6676964152825,133.88169567891018,0.0,0.0,3047.254143176789
LAURA 2,2729.0232817772076,598.9093130619685,2329.3635889383804,0.0,0.0,1.5567639032431415,0.0,2928.2729020003494
MEYERS,2360.2707089140013,136.10564411211465,1578.5585978885456,294.00598286963327,385.1878686310173,1.3343690599226927,0.0,2393.8580935013106
HOLSER,2188.63236433516,197.93141055519942,1404.2010407253135,704.1020739525409,0.0,0.0,0.0,2306.234525233054
PASS,2163.684192701786,56.488290203393994,2060.043433677317,0.0,0.0,2.891132963165834,0.0,2116.531723880711
HILLS,2120.9827455279396,221.9500536338079,1726.6735635399643,0.0,0.0,2.891132963165834,0.0,1948.6236171737723
WOLF,2057.292102682378,319.5813898514849,1485.597553380598,201.26733320500614,0.0,0.0,6.0046607696521175,2006.446276437089
FOX,2027.555128468802,130.76816787242387,1049.036475942557,675.8579288508439,258.86759762500236,0.0,0.0,2114.530170290827
POND,1962.3169998606352,81.39651265528425,809.5172296864336,1040.5854718963799,67.38563752609598,0.6671845299613464,24.01864307860847,1998.8848517641936
SANDERSON,1954.6556946614357,287.1117427266994,1679.0810670693884,0.0,0.0,6.671845299613464,0.0,1966.1928097960877
QUAIL,1840.9696629065963,188.36843229242012,1766.2598456510043,14.900454502470069,3.780712336447629,2.891132963165834,0.0,1973.309444782342
FORK,1668.4762954827575,73.3902982957481,1116.8669031552938,370.5098089718677,131.43535240238523,0.0,0.0,1692.2023628252948
SODA,1653.0997486959625,97.85373106099746,1692.4247576686153,0.0,0.0,0.2223948433204488,0.0,1790.2784887296127
SALT,1593.7322838711739,47.14770678393514,1549.2024785702463,79.61735390872066,0.0,0.2223948433204488,2.223948433204488,1675.9675392629022
SOLEDAD,1525.5334398996968,104.74797120393139,1230.0658784054021,328.2547887409824,0.0,1.3343690599226927,0.0,1663.068638350316
COYOTE,1485.0631734685849,110.08544744362214,909.5949091806356,524.6294353929387,0.0,3.113527806486283,0.0,1544.3097920171963
WALKER,1397.9982833694644,103.85839183064958,504.6138994940983,632.9357240899973,277.54876446392007,0.0,0.0,1518.9567798786652
DALTON ,1367.0746857036934,365.6171224188178,1226.2851660689546,0.0,0.0,2.446343276524937,0.0,1591.9022884877725
SCORPION,1320.7147460800197,88.29075279821816,1028.7985452003961,265.98423261125674,0.0,0.0,0.0,1383.073530609871
MORAINE,1316.035146392294,216.39018255079668,843.9884304011032,127.20985037929671,14.010875129188273,0.0,0.0,1201.5993384603848
WILLOWS,1309.0956644959872,121.64997929628548,1167.1281377457153,0.0,0.0,0.0,0.0,1288.7781170420008
OAK,1146.4495946382528,0.0,0.0,0.0,0.0,0.0,0.0,0.0
AIRPORT,1085.7012083057623,20.905115272122185,1253.63973179737,2.891132963165834,0.4447896866408976,0.0,15.122849345790517,1277.8807697192988
IVANPAH,1051.5000735075655,67.83042721273688,949.4035861349959,0.0,0.0,0.0,0.0,1017.2340133477328
GRADE,1050.2425606474505,47.59249647057604,1085.28683540379,0.0,0.0,0.0,0.0,1132.879331874366
ALLEN,1034.792896939115,100.96725886748375,619.5920334907703,412.5424343594325,52.04039333698502,0.0,15.345244189110966,1185.1421200546715
INDIA,959.2788630585692,91.18188576138401,419.8814641890073,577.1146184165646,4.892686553049874,0.0,5.337476239690771,1093.0706549200058
1-12,946.5895000386121,89.62512185814086,700.5437564594137,224.61879175365328,37.584728521155846,0.0,0.0,1052.3723985923637
5-4 POTTERS ,925.4132765560254,0.0,0.0,0.0,0.0,0.0,0.0,0.0
ADAMS,901.6726000197742,0.0,0.0,0.0,0.0,0.0,0.0,0.0
BITTER,895.4063672998099,0.0,0.0,0.0,0.0,0.0,0.0,0.0
SHOTGUN,840.8520986879353,390.3029500273876,414.54398794931654,176.13671590979544,14.233269972508722,0.0,0.0,995.2169238590084
CREEK,834.247857675516,0.0,0.0,0.0,0.0,0.0,0.0,0.0
LIME,802.5516252870062,0.0,0.0,0.0,0.0,0.0,0.0,0.0
COTTONWOOD,788.0771725048219,0.0,0.0,0.0,0.0,0.0,0.0,0.0
CLAY,740.1132285599177,0.0,0.0,0.0,0.0,0.0,0.0,0.0
ELK,730.4835322582757,0.0,0.0,0.0,0.0,0.0,0.0,0.0
JONES,705.5509063947571,0.0,0.0,0.0,0.0,0.0,0.0,0.0
DRUM,695.4709946170542,0.0,0.0,0.0,0.0,0.0,0.0,0.0
AMORUSO,685.5799506944085,0.0,0.0,0.0,0.0,0.0,0.0,0.0
BULLFROG,654.642850376892,160.79147172068448,392.74929330391257,88.06835795489772,66.05126846617328,0.0,0.0,707.6603914456681
ROWHER,648.1806114806622,0.0,0.0,0.0,0.0,0.0,0.0,0.0
TRIMMER,593.8667955509233,0.0,0.0,0.0,0.0,0.0,0.0,0.0
R-2 TRUMBULL,576.6595402975906,0.0,0.0,0.0,0.0,0.0,0.0,0.0
SITES,569.514485727004,0.0,0.0,0.0,0.0,0.0,0.0,0.0
LAKE,567.0046229896757,0.0,0.0,0.0,0.0,0.0,0.0,0.0
R-8 PINECODE,566.4993316196548,0.0,0.0,0.0,0.0,0.0,0.0,0.0
COLEMAN,562.9203862503051,0.0,0.0,0.0,0.0,0.0,0.0,0.0
BADGER,557.3043570035079,0.0,0.0,0.0,0.0,0.0,0.0,0.0
PAVE PAWS,532.7778290898893,0.0,0.0,0.0,0.0,0.0,0.0,0.0
HOG,527.4906260779736,0.0,0.0,0.0,0.0,0.0,0.0,0.0
MEISS,509.1478857376204,0.0,0.0,0.0,0.0,0.0,0.0,0.0
R-5 SNOWSTORM,471.720940265093,0.0,0.0,0.0,0.0,0.0,0.0,0.0
AVILA,434.2900026180685,0.0,0.0,0.0,0.0,0.0,0.0,0.0
SODA,421.4691969480534,0.0,0.0,0.0,0.0,0.0,0.0,0.0
HOBO,413.5285338852318,0.0,0.0,0.0,0.0,0.0,0.0,0.0
HENSLEY,398.48313731781633,0.0,0.0,0.0,0.0,0.0,0.0,0.0
VALLEY,376.91377353998996,0.0,0.0,0.0,0.0,0.0,0.0,0.0
PARK,342.51989550448735,0.0,0.0,0.0,0.0,0.0,0.0,0.0
PLATINA,339.46619254824253,0.0,0.0,0.0,0.0,0.0,0.0,0.0
RICO,338.13977622171734,0.0,0.0,0.0,0.0,0.0,0.0,0.0
STUMP,325.4144636653396,0.0,0.0,0.0,0.0,0.0,0.0,0.0
PASS,323.1767354233641,0.0,0.0,0.0,0.0,0.0,0.0,0.0
WHALE,322.33746337379426,0.0,0.0,0.0,0.0,0.0,0.0,0.0
RIDGE,320.839302623376,0.0,0.0,0.0,0.0,0.0,0.0,0.0
ELIZABETH,298.9598182865544,0.0,0.0,0.0,0.0,0.0,0.0,0.0
JOHNSON,291.9489069077564,0.0,0.0,0.0,0.0,0.0,0.0,0.0
4-8,278.0100446904856,0.0,0.0,0.0,0.0,0.0,0.0,0.0
POINT,276.6588289219998,0.0,0.0,0.0,0.0,0.0,0.0,0.0
W-4 TERMO,265.58370120129325,0.0,0.0,0.0,0.0,0.0,0.0,0.0
BEND,264.3083942213509,0.0,0.0,0.0,0.0,0.0,0.0,0.0
5-6 CASCADE CREEK,260.17658432428544,0.0,0.0,0.0,0.0,0.0,0.0,0.0
R-1 MAPES,258.9576346775195,0.0,0.0,0.0,0.0,0.0,0.0,0.0
AURORA,238.28559755729592,0.0,0.0,0.0,0.0,0.0,0.0,0.0
MARTINDALE,233.34521948535516,0.0,0.0,0.0,0.0,0.0,0.0,0.0
SHEEP,233.05673695259398,0.0,0.0,0.0,0.0,0.0,0.0,0.0
BRADLEY,230.35479581640698,0.0,0.0,0.0,0.0,0.0,0.0,0.0
SPRING,228.8336048679097,0.0,0.0,0.0,0.0,0.0,0.0,0.0
DAM,226.36281736626847,17.569192622315455,90.7370960747431,163.01542015388895,16.45721840571321,0.2223948433204488,0.0,287.7789272566607
SPRINGS,223.88670433099924,0.0,0.0,0.0,0.0,0.0,0.0,0.0
BASEBALL,215.52697442763025,152.78525736114833,62.27055612972566,73.61269313906855,57.82265926331669,0.0,0.0,346.4911658932592
BITTERWATER,210.54445215282328,0.0,0.0,0.0,0.0,0.0,0.0,0.0
TEXAS,209.95073783049023,0.0,0.0,0.0,0.0,0.0,0.0,0.0
NORTH WHIZZ DOME,199.98542822041534,0.0,0.0,0.0,0.0,0.0,0.0,0.0
R-3 SKEDDADLE,197.5076156462954,0.0,0.0,0.0,0.0,0.0,0.0,0.0
DYER,194.65866304083627,0.0,0.0,0.0,0.0,0.0,0.0,0.0
HUNTER,194.5602276756208,0.0,0.0,0.0,0.0,0.0,0.0,0.0
R-3 LITTLE FREDOYNER,187.34442114480697,0.0,0.0,0.0,0.0,0.0,0.0,0.0
CARRIZO,184.91719825598994,10.230162792740645,226.17555565689642,0.0,0.0,0.0,0.0,236.40571844963705
BROOK,183.21289021620981,0.0,0.0,0.0,0.0,0.0,0.0,0.0
BEEGUM,181.44034192349417,0.0,0.0,0.0,0.0,0.0,0.0,0.0
CASTAIC,178.31169229871531,0.0,0.0,0.0,0.0,0.0,0.0,0.0
R-6 TUNNISON,175.1484562643256,0.0,0.0,0.0,0.0,0.0,0.0,0.0
1-7,174.79070774361224,0.0,0.0,0.0,0.0,0.0,0.0,0.0
BRUDER,169.54869022367555,0.0,0.0,0.0,0.0,0.0,0.0,0.0
BAKER,165.17930759660848,26.02019666849251,156.12118001095504,0.0,0.0,0.2223948433204488,0.0,182.14137667944755
LAKEVILLE,159.68003495074916,0.0,0.0,0.0,0.0,0.0,0.0,0.0
ELSMERE,159.20588088725557,0.0,0.0,0.0,0.0,0.0,0.0,0.0
MINA,158.86937104469337,0.0,0.0,0.0,0.0,0.0,0.0,0.0
TOPAZ,157.11479930307348,0.0,0.0,0.0,0.0,0.0,0.0,0.0
HOLLISTER,157.01808889455396,0.0,0.0,0.0,0.0,0.0,0.0,0.0
GRIZZLY,155.27376482369476,0.0,0.0,0.0,0.0,0.0,0.0,0.0
SODA,152.58465416288973,0.0,0.0,0.0,0.0,0.0,0.0,0.0
POWER,151.55044333888236,0.0,0.0,0.0,0.0,0.0,0.0,0.0
VINEYARD,150.49443125660054,0.0,0.0,0.0,0.0,0.0,0.0,0.0
HILL,139.12967216312597,0.0,0.0,0.0,0.0,0.0,0.0,0.0
AVOCADO,137.58165286556684,0.0,0.0,0.0,0.0,0.0,0.0,0.0
JONES POINT,136.5942338525005,0.0,0.0,0.0,0.0,0.0,0.0,0.0
DERSCH,133.29917469878887,0.0,0.0,0.0,0.0,0.0,0.0,0.0
RAILROAD,131.8767569102928,179.02784887296127,44.478968664089756,0.4447896866408976,0.0,0.6671845299613464,0.6671845299613464,223.95160722369192
SMOKETREE,129.99498203994474,0.0,0.0,0.0,0.0,0.0,0.0,0.0
SAN DIMAS,128.16881067791226,0.0,0.0,0.0,0.0,0.0,0.0,0.0
IRIS,124.99864354353097,0.0,0.0,0.0,0.0,0.0,0.0,0.0
166,120.7201968882432,0.0,0.0,0.0,0.0,0.0,0.0,0.0
PITZER,118.7801944444933,0.0,0.0,0.0,0.0,0.0,0.0,0.0
FORKS,117.23462932861,0.0,0.0,0.0,0.0,0.0,0.0,0.0
BASIC,116.17732203771375,0.0,0.0,0.0,0.0,0.0,0.0,0.0
NELSON,109.60160703450214,0.0,0.0,0.0,0.0,0.0,0.0,0.0
CLARK,106.78582760820818,0.0,0.0,0.0,0.0,0.0,0.0,0.0
NELSON,103.3323387393831,0.0,0.0,0.0,0.0,0.0,0.0,0.0
ANTELOPE,101.76807305858436,0.0,0.0,0.0,0.0,0.0,0.0,0.0
REDWOOD,101.40070762727659,0.0,0.0,0.0,0.0,0.0,0.0,0.0
MESA,100.55537919186288,0.0,0.0,0.0,0.0,0.0,0.0,0.0
POINT,93.22540446007618,0.0,0.0,0.0,0.0,0.0,0.0,0.0
MP 21,93.04940065232448,0.0,0.0,0.0,0.0,0.0,0.0,0.0
ROCK POOL,92.71651454581782,0.0,0.0,0.0,0.0,0.0,0.0,0.0
1-8,92.39560562910319,0.0,0.0,0.0,0.0,0.0,0.0,0.0
CASINO,91.57932907908815,0.0,0.0,0.0,0.0,0.0,0.0,0.0
WOODY,90.52121696023406,0.0,0.0,0.0,0.0,0.0,0.0,0.0
STANDING ROCK,90.21193463286052,0.0,0.0,0.0,0.0,0.0,0.0,0.0
LIBERTY,88.69220550359483,0.0,0.0,0.0,0.0,0.0,0.0,0.0
HONCUT,88.18573418859906,0.0,0.0,0.0,0.0,0.0,0.0,0.0
SALT,86.66322149999719,0.0,0.0,0.0,0.0,0.0,0.0,0.0
EQUESTRIAN,83.61882589110148,0.0,0.0,0.0,0.0,0.0,0.0,0.0
RIDGE,82.71411195461845,0.0,0.0,0.0,0.0,0.0,0.0,0.0
HUNTERS,82.13953327431875,0.0,0.0,0.0,0.0,0.0,0.0,0.0
SKYLINE 3,79.95454302673346,0.0,0.0,0.0,0.0,0.0,0.0,0.0
BARNES,79.41737832902928,0.0,0.0,0.0,0.0,0.0,0.0,0.0
VIEW,77.05918932995618,0.0,0.0,0.0,0.0,0.0,0.0,0.0
DULUTH,71.94934615806216,0.0,0.0,0.0,0.0,0.0,0.0,0.0
COMANCHE,66.15622483964769,0.0,0.0,0.0,0.0,0.0,0.0,0.0
KINGS,65.94627717793126,0.0,0.0,0.0,0.0,0.0,0.0,0.0
3-19,65.00828028184647,0.0,0.0,0.0,0.0,0.0,0.0,0.0
II-2,64.87540958055645,0.0,0.0,0.0,0.0,0.0,0.0,0.0
POPE,64.28283118949024,0.0,0.0,0.0,0.0,0.0,0.0,0.0
HILL,63.227076526620614,60.04660769652117,68.05282205605732,0.0,0.0,0.0,0.0,128.0994297525785
AIRLINE,62.40776663784706,0.0,0.0,0.0,0.0,0.0,0.0,0.0
FLAT,62.040899879542415,0.0,0.0,0.0,0.0,0.0,0.0,0.0
MOUNT R,61.77020634483141,0.0,0.0,0.0,0.0,0.0,0.0,0.0
H - 8 WELL,60.9905595722853,0.0,0.0,0.0,0.0,0.0,0.0,0.0
TRIPP,59.731683904891554,0.0,0.0,0.0,0.0,0.0,0.0,0.0
WILLOWS,58.15129401123413,0.0,0.0,0.0,0.0,0.0,0.0,0.0
BAR,57.78549968576237,0.0,0.0,0.0,0.0,0.0,0.0,0.0
PARISH,57.63134373478428,0.0,0.0,0.0,0.0,0.0,0.0,0.0
EASTON,56.79853894421703,0.0,0.0,0.0,0.0,0.0,0.0,0.0
FIELDS,55.32902913672503,0.0,0.0,0.0,0.0,0.0,0.0,0.0
COPPER,54.708331193153214,0.0,0.0,0.0,0.0,0.0,0.0,0.0
WOOD,54.357467385423526,0.0,0.0,0.0,0.0,0.0,0.0,0.0
PLACER,53.15906011656093,0.0,0.0,0.0,0.0,0.0,0.0,0.0
LITTLE SODA,53.089352117092254,0.0,0.0,0.0,0.0,0.0,0.0,0.0
LILAC,52.846732352279986,0.0,0.0,0.0,0.0,0.0,0.0,0.0
STAGE,51.16019804570782,0.0,0.0,0.0,0.0,0.0,0.0,0.0
GARDEN,49.009172138984944,0.0,0.0,0.0,0.0,0.0,0.0,0.0
BEN,48.125483108247394,0.0,0.0,0.0,0.0,0.0,0.0,0.0
SKYLINE,47.93220691973239,0.0,0.0,0.0,0.0,0.0,0.0,0.0
BAKER,47.61865354410066,0.0,0.0,0.0,0.0,0.0,0.0,0.0
HUASNA,47.42928643023226,0.0,0.0,0.0,0.0,0.0,0.0,0.0
MENTONE,47.27262032564244,0.0,0.0,0.0,0.0,0.0,0.0,0.0
WEST,46.83758202231697,0.0,0.0,0.0,0.0,0.0,0.0,0.0
COPPER,46.58348983956309,0.0,0.0,0.0,0.0,0.0,0.0,0.0
VOLCANO,46.38838737276349,0.0,0.0,0.0,0.0,0.0,0.0,0.0
R-5 DRY,45.45547748877554,0.0,0.0,0.0,0.0,0.0,0.0,0.0
BELL,44.9000593585546,0.0,0.0,0.0,0.0,0.0,0.0,0.0
CACHE,44.79755553966833,0.0,0.0,0.0,0.0,0.0,0.0,0.0
SHERWOOD,44.5982548691397,0.0,0.0,0.0,0.0,0.0,0.0,0.0
HILLS,44.13910761127216,0.0,0.0,0.0,0.0,0.0,0.0,0.0
FRUDDEN,43.211439332169235,0.0,0.0,0.0,0.0,0.0,0.0,0.0
TULE,43.19803685114515,0.0,0.0,0.0,0.0,0.0,0.0,0.0
PUMICE ,43.02710251746467,0.0,0.0,0.0,0.0,0.0,0.0,0.0
DEN,42.87540593530309,0.0,0.0,0.0,0.0,0.0,0.0,0.0
GIBSON,41.670837093265334,0.0,0.0,0.0,0.0,0.0,0.0,0.0
FLAT,40.12767051761282,0.0,0.0,0.0,0.0,0.0,0.0,0.0
JOHNSON,39.91982713662932,0.0,0.0,0.0,0.0,0.0,0.0,0.0
WATT,39.8657960221812,0.0,0.0,0.0,0.0,0.0,0.0,0.0
PERKIN,39.826367516243074,0.0,0.0,0.0,0.0,0.0,0.0,0.0
FEATHER,39.70506709282006,0.0,0.0,0.0,0.0,0.0,0.0,0.0
PITMAN,39.66617255262266,0.0,0.0,0.0,0.0,0.0,0.0,0.0
SIERRA,39.05029108409636,0.0,0.0,0.0,0.0,0.0,0.0,0.0
JOHNSON,38.07276115921146,0.0,0.0,0.0,0.0,0.0,0.0,0.0
IRON,37.90358643198249,0.0,0.0,0.0,0.0,0.0,0.0,0.0
SHACKLEFORD,37.65019320453926,0.0,0.0,0.0,0.0,0.0,0.0,0.0
SCHOOLHOUSE,37.06383943319837,0.0,0.0,0.0,0.0,0.0,0.0,0.0
PFE,36.70167070095006,0.0,0.0,0.0,0.0,0.0,0.0,0.0
GREEN,36.14023705867106,0.0,0.0,0.0,0.0,0.0,0.0,0.0
WATER,36.02046461049093,0.0,0.0,0.0,0.0,0.0,0.0,0.0
ORANGE,35.979200913295,0.0,0.0,0.0,0.0,0.0,0.0,0.0
VISTA ,34.71777193635225,0.0,0.0,0.0,0.0,0.0,0.0,0.0
WILLOW,33.974059395294624,0.0,0.0,0.0,0.0,0.0,0.0,0.0
33,33.667473089944984,0.0,0.0,0.0,0.0,0.0,0.0,0.0
JUAN,33.28200867496345,0.0,0.0,0.0,0.0,0.0,0.0,0.0
METZ,33.09190975729334,0.0,0.0,0.0,0.0,0.0,0.0,0.0
GAGE,33.05521484413924,0.0,0.0,0.0,0.0,0.0,0.0,0.0
CIMA,32.43576961475407,0.0,0.0,0.0,0.0,0.0,0.0,0.0
CIRCLE,32.20204276723824,0.0,0.0,0.0,0.0,0.0,0.0,0.0
GATOS,31.958909338119998,0.0,0.0,0.0,0.0,0.0,0.0,0.0
GRAND,31.061350375297028,0.0,0.0,0.0,0.0,0.0,0.0,0.0
HORSE,30.192659155675194,0.0,0.0,0.0,0.0,0.0,0.0,0.0
KARCHNER,30.025184155080932,0.0,0.0,0.0,0.0,0.0,0.0,0.0
FISH CREEK,29.782421175420307,0.0,0.0,0.0,0.0,0.0,0.0,0.0
INDIAN,29.491697881631215,0.0,0.0,0.0,0.0,0.0,0.0,0.0
KIRSCHEMANN,28.75133068481381,0.0,0.0,0.0,0.0,0.0,0.0,0.0
TWITCHELL,28.684516435473697,0.0,0.0,0.0,0.0,0.0,0.0,0.0
SIMPSON,28.574883602447027,0.0,0.0,0.0,0.0,0.0,0.0,0.0
CRONAN,28.271422604622618,0.0,0.0,0.0,0.0,0.0,0.0,0.0
MOUNTAIN,28.201824509996346,0.0,0.0,0.0,0.0,0.0,0.0,0.0
VISTA,27.80199924965095,0.0,0.0,0.0,0.0,0.0,0.0,0.0
2-26,27.642009730854106,0.0,0.0,0.0,0.0,0.0,0.0,0.0
ATHENS,27.300281993588857,0.0,0.0,0.0,0.0,0.0,0.0,0.0
SUTTER,26.9589051091803,0.0,0.0,0.0,0.0,0.0,0.0,0.0
PEAK,26.729744877120837,0.0,0.0,0.0,0.0,0.0,0.0,0.0
SYCAMORE,26.59258830911644,0.0,0.0,0.0,0.0,0.0,0.0,0.0
STAGE,26.56774308485633,0.0,0.0,0.0,0.0,0.0,0.0,0.0
RED,26.40626047624663,0.0,0.0,0.0,0.0,0.0,0.0,0.0
LITO,25.822442263530924,0.0,0.0,0.0,0.0,0.0,0.0,0.0
LYONS,25.58537349968045,0.0,0.0,0.0,0.0,0.0,0.0,0.0
HORN,25.201718425594546,0.0,0.0,0.0,0.0,0.0,0.0,0.0
BIRD,25.0481682170772,0.0,0.0,0.0,0.0,0.0,0.0,0.0
CROSS,24.496290420177445,0.0,0.0,0.0,0.0,0.0,0.0,0.0
BERRY,24.21430176545969,0.0,0.0,0.0,0.0,0.0,0.0,0.0
PARK,24.097877051990434,0.0,0.0,0.0,0.0,0.0,0.0,0.0
STANDARD,23.77980274124323,0.0,0.0,0.0,0.0,0.0,0.0,0.0
MINER,23.13612571685335,0.0,0.0,0.0,0.0,0.0,0.0,0.0
HUTTON,22.7094139208678,0.0,0.0,0.0,0.0,0.0,0.0,0.0
SANDY,22.689682317616505,0.0,0.0,0.0,0.0,0.0,0.0,0.0
COPPERHEAD,22.66836473742546,0.0,0.0,0.0,0.0,0.0,0.0,0.0
FARRIER,22.634142182033717,0.0,0.0,0.0,0.0,0.0,0.0,0.0
KUEHNER 2,22.425052909810514,0.0,0.0,0.0,0.0,0.0,0.0,0.0
WATER,22.27070396775811,0.0,0.0,0.0,0.0,0.0,0.0,0.0
CATHOLIC,22.234709166000766,0.0,0.0,0.0,0.0,0.0,0.0,0.0
BRIM,21.924663331032026,0.0,0.0,0.0,0.0,0.0,0.0,0.0
DUNFIELD,21.912388800309458,0.0,0.0,0.0,0.0,0.0,0.0,0.0
PINEY,21.870727107149012,0.0,0.0,0.0,0.0,0.0,0.0,0.0
LAMBERT,21.81629561286315,0.0,0.0,0.0,0.0,0.0,0.0,0.0
JULIUS,21.76858883546998,0.0,0.0,0.0,0.0,0.0,0.0,0.0
FRONTIER,21.7088061138636,0.0,0.0,0.0,0.0,0.0,0.0,0.0
2-28,21.372178762692428,0.0,0.0,0.0,0.0,0.0,0.0,0.0
KIRKLAND,21.10390743765201,0.0,0.0,0.0,0.0,0.0,0.0,0.0
TAR,20.488356472280643,0.0,0.0,0.0,0.0,0.0,0.0,0.0
III_2,20.43505875870559,0.0,0.0,0.0,0.0,0.0,0.0,0.0
INDIAN,20.427150571386257,0.0,0.0,0.0,0.0,0.0,0.0,0.0
COAST,20.208520632492924,0.0,0.0,0.0,0.0,0.0,0.0,0.0
BLUE,19.949405526792674,0.0,0.0,0.0,0.0,0.0,0.0,0.0
CLARK,18.8292012674155,0.0,0.0,0.0,0.0,0.0,0.0,0.0
CRESTA BLANCA,18.42454811497107,0.0,0.0,0.0,0.0,0.0,0.0,0.0
BROWN,18.35317770824958,0.0,0.0,0.0,0.0,0.0,0.0,0.0
BALD,17.924084926096416,0.0,0.0,0.0,0.0,0.0,0.0,0.0
SIERRA,17.904785682661416,0.0,0.0,0.0,0.0,0.0,0.0,0.0
BALLARD,17.29711211682502,0.0,0.0,0.0,0.0,0.0,0.0,0.0
SPANISH,17.29429767152134,38.25191305111719,6.0046607696521175,6.227055612972566,0.2223948433204488,0.4447896866408976,0.0,50.706024277062326
RIDGE,17.10552185260051,0.0,0.0,0.0,0.0,0.0,0.0,0.0
DEVILS GULCH,16.94511764648722,0.0,0.0,0.0,0.0,0.0,0.0,0.0
LAGO,16.8902124393174,0.0,0.0,0.0,0.0,0.0,0.0,0.0
GIFFORD ,16.80186576703615,0.0,0.0,0.0,0.0,0.0,0.0,0.0
LEOPARD,16.62895494713049,0.0,0.0,0.0,0.0,0.0,0.0,0.0
OAKS,16.569906525597492,0.0,0.0,0.0,0.0,0.0,0.0,0.0
VISTA,16.153659969136783,0.0,0.0,0.0,0.0,0.0,0.0,0.0
MEDIO,16.060993648447823,0.0,0.0,0.0,0.0,0.0,0.0,0.0
LOCUST,15.859375761868431,0.0,0.0,0.0,0.0,0.0,0.0,0.0
FRANCISCAN,15.779812189055994,0.0,0.0,0.0,0.0,0.0,0.0,0.0
PINES,15.737018303149652,0.0,0.0,0.0,0.0,0.0,0.0,0.0
RIATA,15.232474371565745,0.0,0.0,0.0,0.0,0.0,0.0,0.0
ADOBE,15.18358344742277,0.0,0.0,0.0,0.0,0.0,0.0,0.0
BROCK,14.988233542992091,0.0,0.0,0.0,0.0,0.0,0.0,0.0
L-2 YELLOW,14.904151874977362,0.0,0.0,0.0,0.0,0.0,0.0,0.0
FEATHER,14.74085057204986,0.0,0.0,0.0,0.0,0.0,0.0,0.0
JENNY 2-3,14.639281054581355,0.0,0.0,0.0,0.0,0.0,0.0,0.0
NAIL,14.590082087334041,0.0,0.0,0.0,0.0,0.0,0.0,0.0
BRIDGE,14.587044506384181,0.0,0.0,0.0,0.0,0.0,0.0,0.0
CAMERON,14.426090762411706,0.0,0.0,0.0,0.0,0.0,0.0,0.0
BULL,14.089760203434215,0.0,0.0,0.0,0.0,0.0,0.0,0.0
ACTON,13.840987972853496,0.0,0.0,0.0,0.0,0.0,0.0,0.0
TOWNSEND,13.730418294196141,0.0,0.0,0.0,0.0,0.0,0.0,0.0
RIOSA,13.69466124033831,0.0,0.0,0.0,0.0,0.0,0.0,0.0
FLAT,13.647848089415692,0.0,0.0,0.0,0.0,0.0,0.0,0.0
DUTARD,13.633404037402425,0.0,0.0,0.0,0.0,0.0,0.0,0.0
TEDDY,13.279583684544807,0.0,0.0,0.0,0.0,0.0,0.0,0.0
ROSA,13.274487518168025,0.0,0.0,0.0,0.0,0.0,0.0,0.0
MURPHY,13.251230063793862,0.0,0.0,0.0,0.0,0.0,0.0,0.0
TODD,13.096805568740928,0.0,0.0,0.0,0.0,0.0,0.0,0.0
SOUTH MAIN,13.008069612982887,0.0,0.0,0.0,0.0,0.0,0.0,0.0
FLEMING,12.93148346345344,0.0,0.0,0.0,0.0,0.0,0.0,0.0
QUAIL,12.858463161579506,0.0,0.0,0.0,0.0,0.0,0.0,0.0
RAYBURN,12.39056192954456,0.0,0.0,0.0,0.0,0.0,0.0,0.0
1-11,12.20922649205383,0.0,0.0,0.0,0.0,0.0,0.0,0.0
GAREY,12.152783002275463,0.0,0.0,0.0,0.0,0.0,0.0,0.0
MURPHY,12.08646399631147,0.0,0.0,0.0,0.0,0.0,0.0,0.0
URSULINE,11.931831649814008,0.0,0.0,0.0,0.0,0.0,0.0,0.0
3 POINTS,11.786092772950667,0.0,0.0,0.0,0.0,0.0,0.0,0.0
QUARTER,11.58482721842912,0.0,0.0,0.0,0.0,0.0,0.0,0.0
RESERVE,11.500832387614365,0.0,0.0,0.0,0.0,0.0,0.0,0.0
DAVIS 3,11.434924880865614,0.0,0.0,0.0,0.0,0.0,0.0,0.0
THERMAL,11.425549071158612,0.0,0.0,0.0,0.0,0.0,0.0,0.0
LULU,11.384320649713603,0.0,0.0,0.0,0.0,0.0,0.0,0.0
PINE,11.313776492998233,0.0,0.0,0.0,0.0,0.0,0.0,0.0
TRAMWAY,11.137992964759242,0.0,0.0,0.0,0.0,0.0,0.0,0.0
MINE,11.074193411664659,0.0,0.0,0.0,0.0,0.0,0.0,0.0
BOOMER,10.929852184838559,0.0,0.0,0.0,0.0,0.0,0.0,0.0
GARCES,10.84560386956904,0.0,0.0,0.0,0.0,0.0,0.0,0.0
INWOOD,10.819942885470208,0.0,0.0,0.0,0.0,0.0,0.0,0.0
HARRIS,10.616636454353745,0.0,0.0,0.0,0.0,0.0,0.0,0.0
LYTLE,10.518600960190993,0.0,0.0,0.0,0.0,0.0,0.0,0.0
BEAR,10.473803021951412,0.0,0.0,0.0,0.0,0.0,0.0,0.0
KENWOOD,10.37327140382587,0.0,0.0,0.0,0.0,0.0,0.0,0.0
MELANESE,10.316026895937496,0.0,0.0,0.0,0.0,0.0,0.0,0.0
SPRINGS,10.299937888276151,0.0,0.0,0.0,0.0,0.0,0.0,0.0
GATO,10.23548371129954,0.0,0.0,0.0,0.0,0.0,0.0,0.0
WALDO,10.10228523585075,0.0,0.0,0.0,0.0,0.0,0.0,0.0
CAMELOT ,9.619437440417475,0.0,0.0,0.0,0.0,0.0,0.0,0.0
RALPH ,9.390320152143794,0.0,0.0,0.0,0.0,0.0,0.0,0.0
,9.183240340416985,0.0,0.0,0.0,0.0,0.0,0.0,0.0
MOCKINGBIRD,8.885981125856503,0.0,0.0,0.0,0.0,0.0,0.0,0.0
PLEASANTS,8.700543501625598,27.3545657284152,6.0046607696521175,0.8895793732817951,0.0,2.6687381198453854,0.0,34.24880587134911
GOODENOUGH,8.415401344399866,0.0,0.0,0.0,0.0,0.0,0.0,0.0
PALM,8.406719839511993,0.0,0.0,0.0,0.0,0.0,0.0,0.0
NOYES 1-14,8.120094836376454,0.0,0.0,0.0,0.0,0.0,0.0,0.0
NICHOLS,8.11947225690187,0.0,0.0,0.0,0.0,0.0,0.0,0.0
SMARTSVILLE,8.08980444432501,0.0,0.0,0.0,0.0,0.0,0.0,0.0
LIBERTY,8.055542399498199,0.0,0.0,0.0,0.0,0.0,0.0,0.0
RESERVOIR,8.031842263787588,0.0,0.0,0.0,0.0,0.0,0.0,0.0
CAMATTA,7.910174677092704,0.0,0.0,0.0,0.0,0.0,0.0,0.0
WILLIAMS,7.809148940933069,4.003107179768078,20.01553589884039,8.673398889497502,2.891132963165834,0.0,0.0,35.583174931271806
DELTA,7.600722794205739,0.0,0.0,0.0,0.0,0.0,0.0,0.0
GULCH,7.514979107511379,0.0,0.0,0.0,0.0,0.0,0.0,0.0
MULE,7.356134769193187,0.0,0.0,0.0,0.0,0.0,0.0,0.0
CANYON,7.26886379699123,0.0,0.0,0.0,0.0,0.0,0.0,0.0
178,7.2226571933452925,0.0,0.0,0.0,0.0,0.0,0.0,0.0
LAGUNA,7.162430445225877,0.0,0.0,0.0,0.0,0.0,0.0,0.0
POND,7.08600417054139,0.0,0.0,0.0,0.0,0.0,0.0,0.0
210TH,7.067638989385046,0.0,0.0,0.0,0.0,0.0,0.0,0.0
ENERGY,6.926874889491593,0.0,0.0,0.0,0.0,0.0,0.0,0.0
TOPAZ,6.894758651542112,0.0,0.0,0.0,0.0,0.0,0.0,0.0
COCHRAN,6.860261575620985,0.0,0.0,0.0,0.0,0.0,0.0,0.0
BRUNO,6.789680673712855,0.0,0.0,0.0,0.0,0.0,0.0,0.0
TOPANGA,6.732284641856783,0.0,0.0,0.0,0.0,0.0,0.0,0.0
ARROW,6.730835069782569,0.0,0.0,0.0,0.0,0.0,0.0,0.0
HASLEY,6.671052130005271,0.0,0.0,0.0,0.0,0.0,0.0,0.0
STONY,6.58557986288586,0.0,0.0,0.0,0.0,0.0,0.0,0.0
LINNE,6.545315622981035,0.0,0.0,0.0,0.0,0.0,0.0,0.0
2-30,6.258570164030313,0.0,0.0,0.0,0.0,0.0,0.0,0.0
COLIMA,6.245224362583392,0.0,0.0,0.0,0.0,0.0,0.0,0.0
DUNNIGAN,6.12525780239207,0.0,0.0,0.0,0.0,0.0,0.0,0.0
CROSS,6.081545033668594,0.0,0.0,0.0,0.0,0.0,0.0,0.0
GREEN,6.077072047166598,0.0,0.0,0.0,0.0,0.0,0.0,0.0
SHED,6.066701288008166,0.0,0.0,0.0,0.0,0.0,0.0,0.0
JACK,5.797959302291659,0.0,0.0,0.0,0.0,0.0,0.0,0.0
WOFFORD ,5.78890910680222,0.0,0.0,0.0,0.0,0.0,0.0,0.0
KARE,5.767365023344383,0.0,0.0,0.0,0.0,0.0,0.0,0.0
DIGGER/QUAIL,5.713015769196908,16.45721840571321,11.786926695983786,0.0,0.0,0.0,0.0,28.244145101696997
OAT,5.63827634690531,6.449450456293015,2.446343276524937,0.0,0.0,0.0,0.0,8.895793732817951
PIERCE,5.636075491959484,0.0,0.0,0.0,0.0,0.0,0.0,0.0
SALMON,5.429195419021431,0.0,0.0,0.0,0.0,0.0,0.0,0.0
WAVE,5.205856573538708,0.0,0.0,0.0,0.0,0.0,0.0,0.0
BLUE,5.151303475731824,0.0,0.0,0.0,0.0,0.0,0.0,0.0
MEADOW,5.033756991062347,0.0,0.0,0.0,0.0,0.0,0.0,0.0
WEBSTER,4.872180826349319,0.0,0.0,0.0,0.0,0.0,0.0,0.0
BLUE LAKES,4.366006600853915,0.0,0.0,0.0,0.0,0.0,0.0,0.0
CALGROVE,4.2280789702460595,0.0,0.0,0.0,0.0,0.0,0.0,0.0
LUCERNE,4.121907437812321,0.0,0.0,0.0,0.0,0.0,0.0,0.0
CANAL,4.07307775114261,0.0,0.0,0.0,0.0,0.0,0.0,0.0
LEWIS,3.9673560276769475,0.0,0.0,0.0,0.0,0.0,0.0,0.0
SPRING,3.9584279577215793,0.0,0.0,0.0,0.0,0.0,0.0,0.0
CEMENT,3.5096591449479497,0.0,0.0,0.0,0.0,0.0,0.0,0.0
ORR,3.5030439024474718,0.0,0.0,0.0,0.0,0.0,0.0,0.0
HILL,3.4855805271781617,0.0,0.0,0.0,0.0,0.0,0.0,0.0
VENICE,3.3597821715195395,0.0,0.0,0.0,0.0,0.0,0.0,0.0
DAVIS,3.2572042742391045,0.0,0.0,0.0,0.0,0.0,0.0,0.0
EXTENSION INC,3.2463028284183646,0.0,0.0,0.0,0.0,0.0,0.0,0.0
CHOLAME,3.2303481148026707,0.0,0.0,0.0,0.0,0.0,0.0,0.0
IV_1,3.0492756908834955,0.0,0.0,0.0,0.0,0.0,0.0,0.0
SABODAN,3.0244196862006034,0.0,0.0,0.0,0.0,0.0,0.0,0.0
NO NAME,3.0134027761564752,0.0,0.0,0.0,0.0,0.0,0.0,0.0
AIRPORT,3.0013265430084934,0.0,0.0,0.0,0.0,0.0,0.0,0.0
LAGO,2.8148160935601396,0.0,0.0,0.0,0.0,0.0,0.0,0.0
GUYS,2.8024662633343067,0.0,0.0,0.0,0.0,0.0,0.0,0.0
TOPANGA,2.614252606849998,0.0,0.0,0.0,0.0,0.0,0.0,0.0
DAIRY,2.582168656601575,0.0,0.0,0.0,0.0,0.0,0.0,0.0
NEWELL,2.5603815064706295,0.0,0.0,0.0,0.0,0.0,0.0,0.0
TRAIL,2.4768746908585886,0.0,0.0,0.0,0.0,0.0,0.0,0.0
MARTIN,2.360440928382096,0.0,0.0,0.0,0.0,0.0,0.0,0.0
LAKE VIEW,2.308134639828614,0.0,0.0,0.0,0.0,0.0,0.0,0.0
RANCHO,2.2681678804828285,0.0,0.0,0.0,0.0,0.0,0.0,0.0
FARM,2.2410320100979613,0.0,0.0,0.0,0.0,0.0,0.0,0.0
REDWOOD,2.17882242738201,0.0,0.0,0.0,0.0,0.0,0.0,0.0
CAMATTA,2.139033102631624,0.0,0.0,0.0,0.0,0.0,0.0,0.0
LUCY,2.1383428597252028,0.0,0.0,0.0,0.0,0.0,0.0,0.0
BRIDLE,2.0577309792897864,0.0,0.0,0.0,0.0,0.0,0.0,0.0
LAWLEY,2.023606357824927,0.0,0.0,0.0,0.0,0.0,0.0,0.0
HUBCAP,2.0177613079744496,0.0,0.0,0.0,0.0,0.0,0.0,0.0
TORO,2.0162592804967487,0.0,0.0,0.0,0.0,0.0,0.0,0.0
CREEK,2.0140595463391047,0.0,0.0,0.0,0.0,0.0,0.0,0.0
LYTTON,1.931221480925812,0.0,0.0,0.0,0.0,0.0,0.0,0.0
HEATHER,1.9139235120579374,7.33902982957481,0.0,0.0,0.0,0.4447896866408976,0.0,7.33902982957481
DUNNIGAN,1.851231138925461,0.0,0.0,0.0,0.0,0.0,0.0,0.0
17-7,1.8423043025149939,0.0,0.0,0.0,0.0,0.0,0.0,0.0
HUASNA,1.8204278441206418,0.0,0.0,0.0,0.0,0.0,0.0,0.0
CORNELL,1.8104250551274441,0.0,0.0,0.0,0.0,0.0,0.0,0.0
,1.8073004749850563,0.0,0.0,0.0,0.0,0.0,0.0,0.0
MUSTARD,1.806824153956119,0.0,0.0,0.0,0.0,0.0,0.0,0.0
GROVE,1.7989259561589175,0.0,0.0,0.0,0.0,0.0,0.0,0.0
SPRING,1.749327370176315,0.0,0.0,0.0,0.0,0.0,0.0,0.0
WINDY RIDGE,1.7427680756320658,0.0,0.0,0.0,0.0,0.0,0.0,0.0
TAYLOR,1.7313993575369488,0.0,0.0,0.0,0.0,0.0,0.0,0.0
LAMB,1.710457115730972,0.0,0.0,0.0,0.0,0.0,0.0,0.0
SPRING,1.7034255221077148,0.0,0.0,0.0,0.0,0.0,0.0,0.0
MILL,1.6995156719437694,3.5583174931271806,9.340583419458849,1.7791587465635903,0.0,0.0,0.0,14.67805965914962
FOX,1.6968482242934209,2.446343276524937,2.001553589884039,1.111974216602244,0.0,0.0,0.0,5.5598710830112195
LIVE OAK,1.6696980703565354,0.0,0.0,0.0,0.0,0.0,0.0,0.0
RANCHO,1.5328375625448316,0.0,0.0,0.0,0.0,0.0,0.0,0.0
BANNING,1.5290548204128505,0.0,0.0,0.0,0.0,0.0,0.0,0.0
PLASKETT,1.500967492115092,0.0,0.0,0.0,0.0,0.0,0.0,0.0
EAGLE,1.4826658117767904,0.0,0.0,0.0,0.0,0.0,0.0,0.0
BISHOP,1.470366181084313,0.0,0.0,0.0,0.0,0.0,0.0,0.0
ISLAND,1.435053131393663,0.0,0.0,0.0,0.0,0.0,0.0,0.0
,1.4102924298303705,0.0,0.0,0.0,0.0,0.0,0.0,0.0
BITTER,1.3923956026136426,0.0,0.0,0.0,0.0,0.0,0.0,0.0
DONALD,1.3796410471762774,0.0,0.0,0.0,0.0,0.0,0.0,0.0
GEORGE,1.346428544888955,0.0,0.0,0.0,0.0,0.0,0.0,0.0
CHABLIS,1.3319294214912158,0.0,0.0,0.0,0.0,0.0,0.0,0.0
SPRING,1.2904031120182728,0.0,0.0,0.0,0.0,0.0,0.0,0.0
RED 3-1,1.2882181161460928,0.0,0.0,0.0,0.0,0.0,0.0,0.0
MESA,1.2505318353470298,0.0,0.0,0.0,0.0,0.0,0.0,0.0
CREEK,1.2475261328454401,0.0,0.0,0.0,0.0,0.0,0.0,0.0
COUNTY ROAD 2,1.2427026545874063,0.0,0.0,0.0,0.0,0.0,0.0,0.0
13-1,1.2041920408204678,2.446343276524937,10.230162792740645,3.780712336447629,0.0,0.2223948433204488,0.0,16.45721840571321
MACK,1.202351457064189,0.0,0.0,0.0,0.0,0.0,0.0,0.0
HILLS,1.1751533473045324,0.0,0.0,0.0,0.0,0.0,0.0,0.0
HIGHLAND,1.1543991152821595,0.0,0.0,0.0,0.0,0.0,0.0,0.0
SIERRA,1.1342587218292641,0.0,0.0,0.0,0.0,0.0,0.0,0.0
DAVIS,1.1195418708762188,0.0,0.0,0.0,0.0,0.0,0.0,0.0
MOBILE,1.1194005702640184,0.0,0.0,0.0,0.0,0.0,0.0,0.0
MONTICELLO,1.0864255745726783,0.0,0.0,0.0,0.0,0.0,0.0,0.0
MOFFETT,1.0704556717087883,0.0,0.0,0.0,0.0,0.0,0.0,0.0
OUTLET,1.0668722475665304,0.0,0.0,0.0,0.0,0.0,0.0,0.0
PRICE,1.057541431281933,0.0,0.0,0.0,0.0,0.0,0.0,0.0
TWIN,1.0429089307004018,0.0,0.0,0.0,0.0,0.0,0.0,0.0
COUNTRY,1.0168957365603721,0.0,0.0,0.0,0.0,0.0,0.0,0.0
SHERRY,1.0090939983252956,0.0,0.0,0.0,0.0,0.0,0.0,0.0
